{
	"format_version": "1.8.0",
	"animations": {
		"misc.idle": {
			"loop": true,
			"animation_length": 1.5,
			"bones": {
				"tail": {
					"rotation": {
						"0.0": {
							"vector": [-37.60555, 3.9649, -3.04868]
						},
						"0.7917": {
							"vector": [-38.16584, -9.88744, 7.68615]
						},
						"1.5": {
							"vector": [-37.6249, 3.9649, -3.0487]
						}
					}
				},
				"bone": {
					"rotation": {
						"0.0": {
							"vector": [0, 17.5, 0]
						},
						"0.7917": {
							"vector": [5, -17.5, 0]
						},
						"1.5": {
							"vector": [0, 17.5, 0]
						}
					}
				},
				"bone2": {
					"rotation": {
						"0.0": {
							"vector": [0, 7.5, 0]
						},
						"0.7917": {
							"vector": [9.97059, 5.05848, 0]
						},
						"1.5": {
							"vector": [0, 7.5, 0]
						}
					}
				},
				"bone3": {
					"rotation": {
						"0.0": {
							"vector": [2.52889, 9.99519, 0.22118]
						},
						"0.7917": {
							"vector": [22.49286, 2.50237, -0.10912]
						},
						"1.5": {
							"vector": [2.5, 10, 0.95054]
						}
					}
				},
				"bone4": {
					"rotation": {
						"0.0": {
							"vector": [10.10994, 9.93268, 1.10049]
						},
						"0.7917": {
							"vector": [14.99541, 5.00934, 0.22052]
						},
						"1.5": {
							"vector": [10.10994, 9.93268, 1.10049]
						}
					}
				},
				"bone5": {
					"rotation": {
						"0.0": {
							"vector": [9.98097, 2.50472, -0.21803]
						},
						"0.7917": {
							"vector": [19.98033, -2.41971, -1.08434]
						},
						"1.5": {
							"vector": [9.98097, 2.50472, -0.21803]
						}
					}
				},
				"bone6": {
					"rotation": {
						"0.0": {
							"vector": [10, 2.5, 0]
						},
						"0.7917": {
							"vector": [15, 2.5, 0]
						},
						"1.5": {
							"vector": [10, 2.5, 0]
						}
					}
				},
				"bone7": {
					"rotation": {
						"0.0": {
							"vector": [12.5, 2.5, 0]
						},
						"0.7917": {
							"vector": [19.98022, 0.15058, -0.85481]
						},
						"1.5": {
							"vector": [12.5, 2.5, 0]
						}
					}
				}
			}
		},
		"move.walk": {
			"loop": true,
			"animation_length": 1,
			"blend_weight": "1",
			"bones": {
				"RightLeg": {
					"rotation": {
						"0.0": {
							"vector": [0, 0, 0]
						},
						"0.375": {
							"vector": [-25, 0, 0]
						},
						"1.0": {
							"vector": [30, 0, 0]
						}
					}
				},
				"LeftLeg": {
					"rotation": {
						"0.0": {
							"vector": [5, 0, 0]
						},
						"0.375": {
							"vector": [15, 0, 0]
						},
						"1.0": {
							"vector": [-20, 0, 0]
						}
					}
				}
			}
		},
		"move.run": {
			"loop": true,
			"animation_length": 0.875,
			"blend_weight": "1",
			"bones": {
				"RightLeg": {
					"rotation": {
						"0.0": {
							"vector": [0, 0, 0]
						},
						"0.25": {
							"vector": [22.5, 0, 0]
						},
						"0.625": {
							"vector": [-22.5, 0, 0]
						},
						"0.875": {
							"vector": [2.5, 0, 0]
						}
					}
				},
				"LeftLeg": {
					"rotation": {
						"0.0": {
							"vector": [10, 0, 0]
						},
						"0.25": {
							"vector": [-22.5, 0, 0]
						},
						"0.625": {
							"vector": [25, 0, 0]
						},
						"0.875": {
							"vector": [10, 0, 0]
						}
					}
				}
			}
		}
	},
	"geckolib_format_version": 2
}